lev,term,sd
50,full,47148.8841238666
50,sym,48618.6854051254
50,asym,119438.812231258
700,full,18749.0430006677
700,sym,20148.4842462225
700,asym,34585.8346866968
